{
    "runIndex": 2,
    "startup": {
        "firstFrameUs": 12108,
        "processStartToReadyUs": 12108
    },
    "memory": {
        "heapUsedMb": 18.077041625976562,
        "peakMb": 91.953125
    }
}
